INSERT INTO materia
(nome)
VALUES
    ('Matematica'),
    ('Fisica'),
    ('Artes'),
    ('Filosofia'),
    ('Sociologia'),
    ('Lingua Inglesa'),
    ('Quimica'),
    ('Biologia'),
    ('Geografia'),
    ('Historia'),
    ('Lingua Portuguesa');

INSERT INTO usuario
(id_usuario, is_professor, nome, email, senha, foto, google_email)
VALUES
    (1, true, 'Filipe Filipus', 'filipe.guiraldini@gmail.com', '$2a$10$gdKQIEYE975gYtTsWhDzc.HYSrh3GlbO6pc1xlZ79h5ZnDHpKJ9sa', 'https://i.imgur.com/r4EPYsb.jpg', 'filipe.guiraldini@gmail.com'),
    (2, true, 'Alessandra Ribeiro', 'teste1@email.com', '12345', 'https://img.freepik.com/fotos-gratis/jovem-empresaria-afro-americana-sorrindo_74855-4088.jpg?w=740&t=st=1694654957~exp=1694655557~hmac=2909dc5b886365e520fbbace1d5decf774436c4e478fbe5164c7708a85c835e6', ''),
    (3, true, 'Alessandra Moura', 'teste2@email.com', '12345', 'https://img.freepik.com/fotos-gratis/jovem-professora-de-retrato_23-2148635365.jpg?w=740&t=st=1694654813~exp=1694655413~hmac=7af75ae6784032cf5a2c482e1d4d7ffbee11374f71891f6b4e906dfdb1953bbf', ''),
    (4, true, 'Alessandro Oliveira', 'teste3@email.com', '12345', 'https://img.freepik.com/fotos-gratis/closeup-retrato-de-uma-professora-caucasiana-feliz-de-oculos_74855-9736.jpg?w=740&t=st=1694654846~exp=1694655446~hmac=b2aa97bd25a7f5a705ef448f67ed7b17b4ae198404a50b7233e438ac5ac7e0fa', ''),
    (5, true, 'Alessandro Molario', 'teste4@email.com', '12345', 'https://img.freepik.com/fotos-gratis/sorrindo-feliz-homem-de-camisa-olhando-para-o-espaco-da-copia_171337-10785.jpg?w=740&t=st=1694654858~exp=1694655458~hmac=32eae557f112c179258911c17e7857b10279633a166a5a468721c9da482db530', ''),
    (6, true, 'Alexandre Carlos', 'teste5@email.com', '12345', 'https://img.freepik.com/fotos-gratis/homem-de-negocios-serio-com-o-rosto-danificado_1098-1085.jpg?w=360&t=st=1694654867~exp=1694655467~hmac=c01dc4217725049996ae6d8178e8f6ba6217e37282c850198e7537d9609fac68', ''),
    (7, true, 'Mathilda Cruz', 'teste6@email.com', '12345', 'https://img.freepik.com/fotos-gratis/mulher-de-negocios-no-retrato-dos-vidros_1262-1461.jpg?w=740&t=st=1694654831~exp=1694655431~hmac=ef298914d6aded06e77c17b4d14bd0f001532604c60f3323bc9e7bd9200289a0', ''),
    (8, true, 'Matheus Rodrigues', 'teste7@email.com', '12345', 'https://img.freepik.com/fotos-gratis/homem-usando-oculos-redondos-e-camiseta-casual_273609-19641.jpg?w=740&t=st=1694655076~exp=1694655676~hmac=d1edee50e02f8ea4694c100ed8a3ede4ef36ab3cc6fa8ba4102986101f697357', ''),
    (9, true, 'Matheus Callegari', 'teste8@email.com', '12345', 'https://img.freepik.com/fotos-gratis/gerente-de-negocios-maduros-no-escritorio_1098-21368.jpg?w=360&t=st=1694654913~exp=1694655513~hmac=121c852a37ef487d8c9334b99d73270e2f0fa1e48a0067d983a5ec5cf9a345d9', ''),
    (10, true, 'Carlos Roberto', 'teste9@email.com', '12345', 'https://img.freepik.com/fotos-gratis/cara-de-mundoface-japones-em-um-fundo-branco_53876-31202.jpg?w=740&t=st=1694655100~exp=1694655700~hmac=164f83dcf4e045f1396b4f63dff4ce50112b17d71a7eb16aa86f74b221b79553', ''),
    (11, true, 'Julio Magalhães', 'teste11@email.com', '12345', 'https://img.freepik.com/fotos-gratis/retrato-de-homem-barbudo-segurando-documentos_23-2148513888.jpg?w=740&t=st=1700508165~exp=1700508765~hmac=4ae2c1cab10af1808c1ccbeb0eabdee346bc86ff1c7ab804f3fda55f9e71928e', ''),
    (12, true, 'Ursula Bezerra', 'teste12@email.com', '12345', 'https://img.freepik.com/fotos-gratis/professor-com-oculos-na-aula_23-2148665899.jpg?w=740&t=st=1700508202~exp=1700508802~hmac=ce1841be80b2f44f70ffd232eaeaef4b64adfe517b1e50f5d47dec5c7793cd8a', ''),
    (13, true, 'Rafaela Galhardo', 'teste13@email.com', '12345', 'https://img.freepik.com/fotos-gratis/elegante-mulher-sentada-a-mesa-com-cocktail-e-telefone_1157-32308.jpg?w=360&t=st=1700508230~exp=1700508830~hmac=34a372523039ffa951aa7273f92003556de081300d2d7d2172e49391f76bf3a5', ''),
    (14, true, 'Ribamar Astolfo', 'teste14@email.com', '12345', 'https://img.freepik.com/fotos-gratis/sorridente-homem-afro-americano-posando-na-biblioteca_74855-1619.jpg?w=996&t=st=1700508261~exp=1700508861~hmac=941f118a7b0293df9a276ddabcef076b8a8f8d8bb3630afdbd9ca1350bc32c94', ''),
    (15, true, 'Fatima Bonner', 'teste15@email.com', '12345', 'https://img.freepik.com/fotos-gratis/mulher-de-tiro-medio-no-retrato-de-trabalho_23-2149304144.jpg?w=360&t=st=1700508282~exp=1700508882~hmac=51e438680427e790a999651257bb9ae0e91e9e734d420c3b0cd67cf12fb84aa1', ''),
    (16, true, 'Willian Bernardes', 'teste16@email.com', '12345', 'https://img.freepik.com/fotos-gratis/homem-de-negocios-bonito-posando-perto_23-2148336823.jpg?w=996&t=st=1700508314~exp=1700508914~hmac=cc01f9235b700667d2b02e82a5a300e62d7f40d6df00001c908f8d3047902da5', ''),
    (17, true, 'Silvia Iork', 'teste17@email.com', '12345', 'https://img.freepik.com/fotos-gratis/afro-americana-mulher-tomando-selfie_23-2148336923.jpg?w=996&t=st=1700508333~exp=1700508933~hmac=dc9960ec26ba7982d176851157c041b7ffd83ba046dcdfac6a386178b4391867', ''),
    (18, true, 'Rodolfo Springler', 'teste18@email.com', '12345', 'https://img.freepik.com/fotos-gratis/jovem-empresario-expressao-feliz_1194-1649.jpg?w=900&t=st=1700508359~exp=1700508959~hmac=1bb0c0a19c5ce86800410630087b7c82e3c53020ef8a62b2ac935e3dc16aa52d', ''),
    (19, true, 'Sasha Braum', 'teste19@email.com', '12345', 'https://img.freepik.com/fotos-gratis/empresaria-feliz-por-estar-de-volta-ao-trabalho_23-2148727621.jpg?w=740&t=st=1700508396~exp=1700508996~hmac=dc12430f55f16e4baf55eff421d007cf51a8ad2a613167ee23c23618147a208c', ''),
    (20, true, 'Michael Varga', 'teste20@email.com', '12345', 'https://img.freepik.com/fotos-gratis/homem-close-up-com-sorriso-brilhante_23-2148563438.jpg?w=996&t=st=1700508428~exp=1700509028~hmac=33b1156a587fdebc13f1e7f8101aa3e46d661b99db7549d3d2ea9613ac6de866', ''),
    (21, true, 'Pedro Sampaio', 'teste21@email.com', '12345', 'https://img.freepik.com/fotos-gratis/vista-frontal-do-pai-sorridente-segurando-o-tablet_23-2148414871.jpg?w=740&t=st=1701291992~exp=1701292592~hmac=f326a6dfc46a99b9a5f1383c75034e6b2acf51500c93453638b56590d399ec25', ''),
    (22, true, 'Mike Ehrmantraut', 'teste22@email.com', '12345', 'https://upload.wikimedia.org/wikipedia/en/e/ea/Mike_Ehrmantraut_BCS_S3.png', ''),
    (23, true, 'Agnaldo Timoteo', 'teste23@email.com', '12345', 'https://img.freepik.com/fotos-gratis/homem-eslavo-adulto-alegre-segurando-uma-caneta-e-um-bloco-de-notas-parecendo-isolado_141793-68619.jpg?w=996&t=st=1701352369~exp=1701352969~hmac=1b96dcdfb8bb4baa85a5fbb760d30b406585717542de7b1658fd73d70a61d180', ''),
    (24, true, 'Daniel Paladino', 'teste24@email.com', '12345', 'https://img.freepik.com/fotos-gratis/cara-confiante-com-os-bracos-cruzados-em-pe-na-frente-da-escada_74855-1571.jpg?w=740&t=st=1701292046~exp=1701292646~hmac=b5f35cce55fca27f37f6f14807de6aada786da89334ff06f685537dd18d659e4', ''),
    (25, true, 'Rita Alina', 'teste25@email.com', '12345', 'https://img.freepik.com/fotos-gratis/estudante-responsavel_23-2147650755.jpg?w=740&t=st=1701292017~exp=1701292617~hmac=adbcc6465d3b8e9b7d155afd169f0109cb2095881f9fd5873602e352e06119b6', ''),
    (26, true, 'Nelson Ned', 'teste26@email.com', '12345', 'https://img.freepik.com/fotos-gratis/homem-maduro-casual-segurando-uma-pasta-isolada-na-parede-verde_141793-74819.jpg?w=740&t=st=1701292131~exp=1701292731~hmac=6d61d21abda44b790884694f9aa5877c3e50abc52a3fbdb61d5310f471101ca3', ''),
    (27, true, 'Taylor Swift', 'teste27@email.com', '12345', 'https://img.freepik.com/fotos-gratis/empresaria-posando-no-escritorio_144627-43724.jpg?w=740&t=st=1701291931~exp=1701292531~hmac=757940ca7454cf86685216fb4bd04048f54f5a17d779db54dce074330d8c392e', ''),
    (28, true, 'Zenia Arruda', 'teste28@email.com', '12345', 'https://img.freepik.com/fotos-gratis/jovem-negocio-menina-olhar-camera-isolado-no-branco_1301-3805.jpg?w=996&t=st=1701352349~exp=1701352949~hmac=031f3e3565c8b26b45f46b7f5c815bfc5650b9f51fa03d5085dbe1e2c866f619', ''),
    (29, true, 'Stefani Germanotta', 'teste29@email.com', '12345    ', 'https://hips.hearstapps.com/hmg-prod/images/hbz-lady-gaga-substitute-teacher-index-1498744431.jpg?crop=0.501xw:1.00xh;0.0562xw,0&resize=1200:*', ''),
    (30, true, 'Nayara Sato', 'teste30@email.com', '12345', 'https://img.freepik.com/fotos-gratis/retrato-de-voluntario-que-organizou-doacoes-para-instituicoes-de-caridade_23-2149230567.jpg?w=360&t=st=1701292153~exp=1701292753~hmac=86bdd43885413b5ab654e9df4a8593e386fae2b31a3220e819bb1cc1aa166bdc', ''),
    (31, false, 'Enzo Ricardo', 'teste21@email.com', '12345', 'https://img.freepik.com/fotos-gratis/retrato-de-estudante-do-sexo-masculino-encantado-hipster-com-cabelos-nitidos_176532-8157.jpg?w=996&t=st=1700508845~exp=1700509445~hmac=41b965e50794d96270529ce2e875dad0dd0e3bab261a254194fafef87c739128', ''),
    (32, false, 'Valentina Mariana', 'teste22@email.com', '12345', 'https://img.freepik.com/fotos-gratis/sorrindo-africano-americano-menina-sentando-cafe_1262-3083.jpg?w=360&t=st=1700508880~exp=1700509480~hmac=9a0b32587a41049cfd95b9c6133b941224449b6ad60a6ae4a37165dfab5b0431', ''),
    (33, false, 'Ana Maria', 'teste23@email.com', '12345', 'https://img.freepik.com/fotos-gratis/smiley-mulher-segurando-a-pilha-de-livros_23-2148418604.jpg?w=740&t=st=1700508908~exp=1700509508~hmac=9b69ab30cffbeb049fcf53aa6d63223b19a14539f7316b5e4f4840f59d6d1667', ''),
    (34, false, 'Bruno Afonso', 'teste24@email.com', '12345', 'https://img.freepik.com/fotos-gratis/retrato-de-jovem-afro-latino-sorrindo-em-pe-ao-ar-livre-na-rua_58466-15613.jpg?w=996&t=st=1700508945~exp=1700509545~hmac=5ce05bb615664c38968847b126edd0d236cb4f758dc7b3dee5de3fa23a4fe771', ''),
    (35, false, 'Gina da Silva', 'teste25@email.com', '12345', 'https://img.freepik.com/fotos-gratis/feche-acima-da-mulher-bonita-sorrindo_23-2148369437.jpg?w=996&t=st=1700508975~exp=1700509575~hmac=2a2e98a552bf27fb87d0056681c5fd4d632e726d569e133277a4210636003560', ''),
    (36, false, 'Miguel Junior', 'teste26@email.com', '12345', 'https://img.freepik.com/fotos-gratis/jovem-caucasiano-sorridente-vestindo-uma-camisa-rosa-de-oculos-em-um-fundo-laranja-isolado_141793-38609.jpg?w=996&t=st=1700509003~exp=1700509603~hmac=52292ce7f2cd44c0316c45963dad4b77b706abb94cbd690da1e04cc2f0ae726c', ''),
    (37, false, 'Rodrigo Javier', 'teste27@email.com', '12345', 'https://img.freepik.com/fotos-gratis/jovem-caucasiano-sorridente-vestindo-uma-camisa-rosa-de-oculos-em-um-fundo-laranja-isolado_141793-38609.jpg?w=996&t=st=1700509003~exp=1700509603~hmac=52292ce7f2cd44c0316c45963dad4b77b706abb94cbd690da1e04cc2f0ae726c', ''),
    (38, false, 'Charles Tobias', 'teste28@email.com', '12345', 'https://img.freepik.com/fotos-gratis/jovem-moreno-vestindo-camisa-jeans_273609-22446.jpg?w=996&t=st=1700509054~exp=1700509654~hmac=cc32d1248b74ac1a3347750fdff295df07f4523ea431bd8b54d5ba4e66ac8b68', ''),
    (39, false, 'Alvaro Golias', 'teste29@email.com', '12345', 'https://img.freepik.com/fotos-premium/estudante-africano-feliz-em-pe-ao-ar-livre_171337-81045.jpg?w=360', ''),
    (40, false, 'Giovana Gaunt', 'teste30@email.com', '12345', 'https://img.freepik.com/fotos-gratis/jovem-mulher-com-penteado-de-coque-baguncado_23-2149459222.jpg?w=996&t=st=1700509111~exp=1700509711~hmac=d3a7e9177b35907dbbf1504b67524bd01ee6c42918e536aaf00b1459a742914c', '')

ON CONFLICT (id_usuario) DO NOTHING;
SELECT setval('usuario_id_usuario_seq', (SELECT MAX(id_usuario) FROM usuario));

INSERT INTO professor
(descricao, preco_hora_aula, usuario_id, experiencia)
VALUES
('Gosto de ensinar e ajudar alunos a atingir seus objetivos', 20.00, 1, 2000),
('Gosto de ensinar', 15.00, 2, 300),
('Gosto de ensinar', 29.00, 3, 400),
('Gosto de ensinar', 38.00, 4, 100),
('Gosto de ensinar', 16.00, 5, 150),
('Gosto de ensinar', 25.00, 6, 60),
('Gosto de ensinar', 31.00, 7, 350),
('Gosto de ensinar', 12.00, 8, 50),
('Gosto de ensinar', 28.00, 9, 195),
('Gosto de ensinar', 37.00, 10, 100),
('Gosto de ensinar', 21.00, 11, 50),
('Gosto de ensinar', 32.00, 12, 50),
('Gosto de ensinar', 21.00, 13, 50),
('Gosto de ensinar', 23.00, 14, 100),
('Gosto de ensinar', 35.00, 15, 130),
('Gosto de ensinar', 39.00, 16, 170),
('Gosto de ensinar', 18.00, 17, 370),
('Gosto de ensinar', 11.00, 18, 220),
('Gosto de ensinar', 36.00, 19, 130),
('Gosto de ensinar', 15.00, 20, 150),
('Gosto de ensinar', 36.00, 21, 170),
('Gosto de ensinar', 36.00, 22, 88),
('Gosto de ensinar', 36.00, 23, 740),
('Gosto de ensinar', 36.00, 24, 360),
('Gosto de ensinar', 36.00, 25, 70),
('Gosto de ensinar', 36.00, 26, 380),
('Gosto de ensinar', 36.00, 27, 540),
('Gosto de ensinar', 36.00, 28, 820),
('Gosto de ensinar', 36.00, 29, 440),
('Gosto de ensinar', 36.00, 30, 240);

INSERT INTO usuario_materia
(usuarios_id_usuario, materias_id)
VALUES
    (1, 1),
    (2, 1),
    (3, 1),
    (3, 11),
    (4, 2),
    (5, 3),
    (6, 5),
    (6, 10),
    (7, 4),
    (8, 3),
    (9, 1),
    (9, 2),
    (10, 4),
    (11, 3),
    (11, 2),
    (12, 6),
    (13, 4),
    (14, 7),
    (15, 8),
    (16, 9),
    (17, 10),
    (18, 2),
    (19, 3),
    (20, 5),
    (20, 6),
    (21, 1),
    (21, 2),
    (22, 3),
    (23, 4),
    (23, 5),
    (24, 6),
    (24, 7),
    (25, 8),
    (25, 9),
    (26, 10),
    (27, 11),
    (28, 11),
    (29, 10),
    (29, 9),
    (30, 6);

INSERT INTO disponibilidade
(dia_da_semana, horario_fim, horario_inicio, professor_usuario_id)
VALUES
    (5, '23:59:59', '00:00:00', 1),
    (1, '23:59:59', '00:00:00', 1),
    (2, '23:59:59', '00:00:00', 1),
    (5, '23:59:59', '00:00:00', 2),
    (5, '23:59:59', '00:00:00', 3),
    (5, '23:59:59', '00:00:00', 4),
    (5, '23:59:59', '00:00:00', 5),
    (5, '23:59:59', '00:00:00', 6),
    (5, '23:59:59', '00:00:00', 7),
    (5, '23:59:59', '00:00:00', 8),
    (5, '23:59:59', '00:00:00', 9),
    (5, '23:59:59', '00:00:00', 10);

INSERT INTO aula
(id, data_hora, data_hora_fim, descricao, duracao_segundos, limite_participantes, privacidade, titulo, materia_id, professor_usuario_id, status)
VALUES
    (1, '2023-09-16 17:39:01', '2023-09-16 19:39:01', 'descricao', 3600, 5, 0, 'Logaritmo', 1, 1, 4),
    (2, '2023-09-16 17:39:01', '2023-09-16 19:39:01', 'descricao', 3600, 4, 0, 'Trigonometria', 1, 2, 4),
    (3, '2023-09-16 17:39:01', '2023-09-16 19:39:01', 'descricao', 3600, 5, 0, 'Algebra', 1, 3, 0),
    (4, '2023-09-16 17:39:01', '2023-09-16 19:39:01', 'descricao', 3600, 2, 0, 'Equação 2º Grau', 1, 9, 4),
    (5, '2023-09-16 17:39:01', '2023-09-16 19:39:01', 'descricao', 3600, 4, 0, 'Karl Marx', 4, 2, 4),
    (6, '2023-09-16 17:39:01', '2023-09-16 19:39:01', 'descricao', 3600, 3, 0, 'Mais Valia', 5, 3, 0),
    (7, '2023-09-16 17:39:01', '2023-09-16 19:39:01', 'descricao', 3600, 4, 0, 'Valencia e Covalencia', 7, 4, 0),
    (8, '2023-09-16 17:39:01', '2023-09-16 19:39:01', 'descricao', 3600, 2, 0, 'Verbo To Be', 6, 5, 0),
    (9, '2023-09-16 17:39:01', '2023-09-16 19:39:01', 'descricao', 3600, 5, 0, 'Verbo To Be+', 6, 10, 0),
    (10, '2023-09-16 17:39:01', '2023-09-16 19:39:01', 'testando ', 3600, 5, 0, 'Matematicatrie', 1, 1, 2),
-- Matemática mês 9
    (11, '2023-09-16 17:39:01', '2023-09-16 19:39:01', 'descricao', 3600, 5, 0, 'Logaritmo', 1, 1, 0),
    (12, '2023-09-16 17:39:01', '2023-09-16 19:39:01', 'descricao', 3600, 4, 0, 'Trigonometria', 1, 2, 2),
    (13, '2023-09-16 17:39:01', '2023-09-16 19:39:01', 'descricao', 3600, 5, 0, 'Algebra', 1, 3, 0),
-- Matemática mês 10
    (14, '2023-10-16 17:39:01', '2023-10-16 19:39:01', 'descricao', 3600, 5, 0, 'Logaritmo', 1, 1, 2),
    (15, '2023-10-16 17:39:01', '2023-10-16 19:39:01', 'descricao', 3600, 4, 0, 'Trigonometria', 1, 2, 0),
    (16, '2023-10-16 17:39:01', '2023-10-16 19:39:01', 'descricao', 3600, 5, 0, 'Algebra', 1, 3, 2),
    (17, '2023-10-16 17:39:01', '2023-10-16 19:39:01', 'descricao', 3600, 2, 0, 'Equação 2º Grau', 1, 9, 0),

-- Matemática mês 11
    (18, '2023-11-16 17:39:01', '2023-11-16 19:39:01', 'descricao', 3600, 5, 0, 'Logaritmo', 1, 1, 2),
    (19, '2023-11-16 17:39:01', '2023-11-16 19:39:01', 'descricao', 3600, 4, 0, 'Trigonometria', 1, 2, 0),
    (20, '2023-11-16 17:39:01', '2023-11-16 19:39:01', 'descricao', 3600, 5, 0, 'Algebra', 1, 3, 2),
    (21, '2023-11-16 17:39:01', '2023-11-16 19:39:01', 'descricao', 3600, 2, 0, 'Equação 2º Grau', 1, 9, 0),
    (22, '2023-11-16 17:39:01', '2023-11-16 19:39:01', 'descricao', 3600, 2, 0, 'Equação 2º Grau', 1, 9, 2),


-- Lingua Portuguesa mês 9
    (23, '2023-09-16 17:39:01', '2023-09-16 19:39:01', 'descricao', 3600, 5, 0, 'Logaritmo', 11, 1, 0),
    (24, '2023-09-16 17:39:01', '2023-09-16 19:39:01', 'descricao', 3600, 4, 0, 'Trigonometria', 11, 2, 2),
    (25, '2023-09-16 17:39:01', '2023-09-16 19:39:01', 'descricao', 3600, 5, 0, 'Algebra', 11, 3, 0),
    (26, '2023-09-16 17:39:01', '2023-09-16 19:39:01', 'descricao', 3600, 2, 0, 'Equação 2º Grau', 11, 9, 2),

-- Lingua Portuguesa mês 10
    (27, '2023-10-16 17:39:01', '2023-10-16 19:39:01', 'descricao', 3600, 5, 0, 'Logaritmo', 11, 1, 0),
    (28, '2023-10-16 17:39:01', '2023-10-16 19:39:01', 'descricao', 3600, 4, 0, 'Trigonometria', 11, 2, 2),
    (29, '2023-10-16 17:39:01', '2023-10-16 19:39:01', 'descricao', 3600, 5, 0, 'Algebra', 11, 3, 0),
    (30, '2023-10-16 17:39:01', '2023-10-16 19:39:01', 'descricao', 3600, 2, 0, 'Equação 2º Grau', 11, 9, 2),
    (31, '2023-10-16 17:39:01', '2023-10-16 19:39:01', 'descricao', 3600, 2, 0, 'Equação 2º Grau', 11, 9, 0),

-- Lingua Portuguesa mês 11
    (32, '2023-11-16 17:39:01', '2023-11-16 19:39:01', 'descricao', 3600, 5, 0, 'Logaritmo', 11, 1, 4),
    (33, '2023-11-16 17:39:01', '2023-11-16 22:39:01', 'descricao', 3600, 4, 0, 'Trigonometria', 11, 2, 4),
    (34, '2023-11-16 17:39:01', '2023-11-16 19:39:01', 'descricao', 3600, 5, 0, 'Algebra', 11, 3, 2),

-- Biologia mês 9
    (35, '2023-09-16 17:39:01', '2023-09-16 19:39:01', 'descricao', 3600, 5, 0, 'Logaritmo', 8, 1, 0),
    (36, '2023-09-16 17:39:01', '2023-09-16 19:39:01', 'descricao', 3600, 4, 0, 'Trigonometria', 8, 2, 2),
    (37, '2023-09-16 17:39:01', '2023-09-16 19:39:01', 'descricao', 3600, 5, 0, 'Algebra', 8, 3, 0),
    (38, '2023-09-16 17:39:01', '2023-09-16 19:39:01', 'descricao', 3600, 2, 0, 'Equação 2º Grau', 8, 9, 2),

-- Biologia mês 10
    (39, '2023-10-16 17:39:01', '2023-10-16 19:39:01', 'descricao', 3600, 5, 0, 'Logaritmo', 8, 1, 0),
    (40, '2023-10-16 17:39:01', '2023-10-16 19:39:01', 'descricao', 3600, 4, 0, 'Trigonometria', 8, 2, 2),
    (41, '2023-10-16 17:39:01', '2023-10-16 19:39:01', 'descricao', 3600, 5, 0, 'Algebra', 8, 3, 0),
    (42, '2023-10-16 17:39:01', '2023-10-16 19:39:01', 'descricao', 3600, 2, 0, 'Equação 2º Grau', 8, 9, 2),
    (43, '2023-10-16 17:39:01', '2023-10-16 19:39:01', 'descricao', 3600, 2, 0, 'Equação 2º Grau', 8, 9, 0),

-- Biologia mês 11
    (44, '2023-11-16 17:39:01', '2023-11-16 19:39:01', 'descricao', 3600, 5, 0, 'Logaritmo', 8, 1, 2),
    (45, '2023-11-16 17:39:01', '2023-11-16 19:39:01', 'descricao', 3600, 4, 0, 'Trigonometria', 8, 2, 0),
    (46, '2023-11-16 17:39:01', '2023-11-16 19:39:01', 'descricao', 3600, 5, 0, 'Algebra', 8, 3, 2),

-- Geografia mês 9
    (47, '2023-09-16 17:39:01', '2023-09-16 19:39:01', 'descricao', 3600, 5, 0, 'Logaritmo', 9, 1, 0),
    (48, '2023-09-16 17:39:01', '2023-09-16 19:39:01', 'descricao', 3600, 4, 0, 'Trigonometria', 9, 2, 2),
    (49, '2023-09-16 17:39:01', '2023-09-16 19:39:01', 'descricao', 3600, 5, 0, 'Algebra', 9, 2, 0),
    (50, '2023-09-16 17:39:01', '2023-09-16 19:39:01', 'descricao', 3600, 5, 0, 'Logaritmo', 9, 1, 0),
    (51, '2023-09-16 17:39:01', '2023-09-16 19:39:01', 'descricao', 3600, 4, 0, 'Trigonometria', 9, 2, 2),
    (52, '2023-09-16 17:39:01', '2023-09-16 19:39:01', 'descricao', 3600, 5, 0, 'Algebra', 9, 3, 0),
    (53, '2023-09-16 17:39:01', '2023-09-16 19:39:01', 'descricao', 3600, 2, 0, 'Equação 2º Grau', 9, 9, 2),

-- Historia mês 10
    (54, '2023-10-16 17:39:01', '2023-10-16 19:39:01', 'descricao', 3600, 5, 0, 'Logaritmo', 9, 1, 0),
    (55, '2023-10-16 17:39:01', '2023-10-16 19:39:01', 'descricao', 3600, 4, 0, 'Trigonometria', 9, 2, 2),
    (56, '2023-10-16 17:39:01', '2023-10-16 19:39:01', 'descricao', 3600, 5, 0, 'Algebra', 9, 3, 0),
    (57, '2023-10-16 17:39:01', '2023-10-16 19:39:01', 'descricao', 3600, 2, 0, 'Equação 2º Grau', 9, 9, 2),
    (58, '2023-10-16 17:39:01', '2023-10-16 19:39:01', 'descricao', 3600, 2, 0, 'Equação 2º Grau', 9, 9, 0),

-- Historia mês 11
    (59, '2023-11-16 17:39:01', '2023-11-16 19:39:01', 'descricao', 3600, 5, 0, 'Logaritmo', 9, 1, 2),
    (60, '2023-11-16 17:39:01', '2023-11-16 19:39:01', 'descricao', 3600, 4, 0, 'Trigonometria', 9, 2, 0),
    (61, '2023-11-16 17:39:01', '2023-11-16 19:39:01', 'descricao', 3600, 5, 0, 'Algebra', 9, 3, 2),

-- Aulas Hoje
    (62, '2023-11-11 17:39:01', '2023-11-11 19:39:01', 'descricao', 3600, 5, 0, 'Algebra', 9, 3, 0),
    (63, '2023-11-11 17:39:01', '2023-11-11 19:39:01', 'descricao', 3600, 4, 0, 'Trigonometria', 9, 2, 2),
    (64, '2023-11-11 17:39:01', '2023-11-11 19:39:01', 'descricao', 3600, 5, 0, 'Logaritmo', 8, 1, 0),
    (65, '2023-11-11 17:39:01', '2023-10-11 19:39:01', 'descricao', 3600, 5, 0, 'Logaritmo', 9, 1, 2),

-- Aulas Semana
    (66, '2023-11-10 17:39:01', '2023-11-10 19:39:01', 'descricao', 3600, 5, 0, 'Algebra', 9, 3, 0),
    (67, '2023-11-10 17:39:01', '2023-11-10 19:39:01', 'descricao', 3600, 4, 0, 'Trigonometria', 9, 2, 2),
    (68, '2023-11-10 17:39:01', '2023-11-10 19:39:01', 'descricao', 3600, 5, 0, 'Algebra', 9, 3, 0),
    (69, '2023-11-10 17:39:01', '2023-11-10 19:39:01', 'descricao', 3600, 5, 0, 'Logaritmo', 8, 1, 0),
    (70, '2023-11-10 17:39:01', '2023-11-10 19:39:01', 'descricao', 3600, 5, 0, 'Logaritmo', 9, 1, 2),
    (71, '2023-09-16 17:39:01', '2023-09-16 19:39:01', 'Descrição Matemática', 3600, 5, 0, 'Logaritmo', 1, 1, 4),
    (72, '2023-09-16 17:39:01', '2023-09-16 19:39:01', 'Descrição Física', 3600, 5, 0, 'Movimento e Energia', 2, 1, 4),
    (73, '2023-09-16 17:39:01', '2023-09-16 19:39:01', 'Descrição Artes', 3600, 5, 0, 'Arte Contemporânea', 3, 1, 4),
    (74, '2023-09-16 17:39:01', '2023-09-16 19:39:01', 'Descrição Filosofia', 3600, 5, 0, 'Ética e Moral', 4, 1, 4),
    (75, '2023-09-16 17:39:01', '2023-09-16 19:39:01', 'Descrição Sociologia', 3600, 5, 0, 'Comportamento Social', 5, 1, 4),
    (76, '2023-09-16 17:39:01', '2023-09-16 19:39:01', 'Descrição Lingua Inglesa', 3600, 5, 0, 'Conversação Avançada', 6, 1, 4),
    (77, '2023-09-16 17:39:01', '2023-09-16 19:39:01', 'Descrição Quimica', 3600, 5, 0, 'Reações Químicas', 7, 1, 4),
    (78, '2023-09-16 17:39:01', '2023-09-16 19:39:01', 'Descrição Biologia', 3600, 5, 0, 'Biologia Celular', 8, 1, 4),
    (79, '2023-09-16 17:39:01', '2023-09-16 19:39:01', 'Descrição Geografia', 3600, 5, 0, 'Geopolítica Mundial', 9, 1, 4),
    (80, '2023-09-16 17:39:01', '2023-09-16 19:39:01', 'Descrição Historia', 3600, 5, 0, 'Idade Média', 10, 1, 4),
    (81, '2023-09-16 17:39:01', '2023-09-16 19:39:01', 'Descrição Lingua Portuguesa', 3600, 5, 0, 'Literatura Brasileira', 11, 1, 4),
    (82, '2023-09-16 17:39:01', '2023-09-16 19:39:01', 'Descrição Física', 3600, 5, 0, 'Termodinâmica', 2, 1, 4),
    (83, '2023-09-16 17:39:01', '2023-09-16 19:39:01', 'Descrição Artes', 3600, 5, 0, 'Escultura Moderna', 3, 1, 4),
    (84, '2023-09-16 17:39:01', '2023-09-16 19:39:01', 'Descrição Filosofia', 3600, 5, 0, 'Metafísica', 4, 1, 4),
    (85, '2023-09-16 17:39:01', '2023-09-16 19:39:01', 'Descrição Sociologia', 3600, 5, 0, 'Teoria Sociológica', 5, 1, 4),
    (86, '2023-09-16 17:39:01', '2023-09-16 19:39:01', 'Descrição Lingua Inglesa', 3600, 5, 0, 'Gramática Avançada', 6, 1, 4),
    (87, '2023-09-16 17:39:01', '2023-09-16 19:39:01', 'Descrição Quimica', 3600, 5, 0, 'Estequiometria', 7, 1, 4),
    (88, '2023-09-16 17:39:01', '2023-09-16 19:39:01', 'Descrição Biologia', 3600, 5, 0, 'Genética Molecular', 8, 1, 4),
    (89, '2023-09-16 17:39:01', '2023-09-16 19:39:01', 'Descrição Geografia', 3600, 5, 0, 'Climatologia', 9, 1, 4),
    (90, '2023-09-16 17:39:01', '2023-09-16 19:39:01', 'Descrição Historia', 3600, 5, 0, 'Guerras Mundiais', 10, 1, 4),
    (91, '2023-09-16 17:39:01', '2023-09-16 19:39:01', 'Descrição Lingua Portuguesa', 3600, 5, 0, 'Redação Oficial', 11, 1, 4),
    (92, '2023-09-16 17:39:01', '2023-09-16 19:39:01', 'Descrição Física', 3600, 5, 0, 'Óptica', 2, 1, 4),
    (93, '2023-09-16 17:39:01', '2023-09-16 19:39:01', 'Descrição Artes', 3600, 5, 0, 'História da Arte', 3, 1, 4),
    (94, '2023-09-16 17:39:01', '2023-09-16 19:39:01', 'Descrição Filosofia', 3600, 5, 0, 'Lógica', 4, 1, 4),
    (95, '2023-09-16 17:39:01', '2023-09-16 19:39:01', 'Descrição Sociologia', 3600, 5, 0, 'Movimentos Sociais', 5, 1, 4),
    (96, '2023-09-16 17:39:01', '2023-09-16 19:39:01', 'Descrição Lingua Inglesa', 3600, 5, 0, 'Literatura Inglesa', 6, 1, 4),
    (97, '2023-09-16 17:39:01', '2023-09-16 19:39:01', 'Descrição Quimica', 3600, 5, 0, 'Tabela Periódica', 7, 1, 4),
    (98, '2023-09-16 17:39:01', '2023-09-16 19:39:01', 'Descrição Biologia', 3600, 5, 0, 'Ecologia', 8, 1, 4),
    (99, '2023-09-16 17:39:01', '2023-09-16 19:39:01', 'Descrição Geografia', 3600, 5, 0, 'Desenvolvimento Sustentável', 9, 1, 4),
    (100, '2023-09-16 17:39:01', '2023-09-16 19:39:01', 'Descrição Historia', 3600, 5, 0, 'Revolução Industrial', 10, 1, 4),
    (101, '2023-09-16 17:39:01', '2023-09-16 19:39:01', 'Descrição Lingua Portuguesa', 3600, 5, 0, 'Literatura Portuguesa', 11, 1, 4),
    (102, '2023-09-16 17:39:01', '2023-09-16 19:39:01', 'Descrição Matemática', 3600, 5, 0, 'Trigonometria', 1, 1, 4),
    (103, '2023-09-16 17:39:01', '2023-09-16 19:39:01', 'Descrição Física', 3600, 5, 0, 'Mecânica Quântica', 2, 1, 4),
    (104, '2023-09-16 17:39:01', '2023-09-16 19:39:01', 'Descrição Artes', 3600, 5, 0, 'Arte Renascentista', 3, 1, 4),
    (105, '2023-09-16 17:39:01', '2023-09-16 19:39:01', 'Descrição Filosofia', 3600, 5, 0, 'Ética Filosófica', 4, 1, 4),
    (106, '2023-09-16 17:39:01', '2023-09-16 19:39:01', 'Descrição Sociologia', 3600, 5, 0, 'Teoria do Conflito', 5, 1, 4),
    (107, '2023-09-16 17:39:01', '2023-09-16 19:39:01', 'Descrição Lingua Inglesa', 3600, 5, 0, 'Tradução Avançada', 6, 1, 4),
    (108, '2023-10-01 17:39:01', '2023-10-01 19:39:01', 'Descrição Matemática', 3600, 5, 0, 'Geometria Analítica', 1, 1, 4),
    (109, '2023-10-02 17:39:01', '2023-10-02 19:39:01', 'Descrição Física', 3600, 5, 0, 'Termodinâmica', 2, 1, 4),
    (110, '2023-10-03 17:39:01', '2023-10-03 19:39:01', 'Descrição Artes', 3600, 5, 0, 'Pintura Moderna', 3, 1, 4),
    (111, '2023-10-04 17:39:01', '2023-10-04 19:39:01', 'Descrição Filosofia', 3600, 5, 0, 'Ética e Moral', 4, 1, 4),
    (112, '2023-10-05 17:39:01', '2023-10-05 19:39:01', 'Descrição Sociologia', 3600, 5, 0, 'Comportamento Social', 5, 1, 4),
    (113, '2023-10-06 17:39:01', '2023-10-06 19:39:01', 'Descrição Lingua Inglesa', 3600, 5, 0, 'Conversação Avançada', 6, 1, 4),
    (114, '2023-10-07 17:39:01', '2023-10-07 19:39:01', 'Descrição Quimica', 3600, 5, 0, 'Reações Químicas', 7, 1, 4),
    (115, '2023-10-08 17:39:01', '2023-10-08 19:39:01', 'Descrição Biologia', 3600, 5, 0, 'Biologia Celular', 8, 1, 4),
    (116, '2023-10-09 17:39:01', '2023-10-09 19:39:01', 'Descrição Geografia', 3600, 5, 0, 'Geopolítica Mundial', 9, 1, 4),
    (117, '2023-10-10 17:39:01', '2023-10-10 19:39:01', 'Descrição Historia', 3600, 5, 0, 'Idade Média', 10, 1, 4),
    (118, '2023-10-11 17:39:01', '2023-10-11 19:39:01', 'Descrição Lingua Portuguesa', 3600, 5, 0, 'Literatura Brasileira', 11, 1, 4),
    (119, '2023-10-12 17:39:01', '2023-10-12 19:39:01', 'Descrição Matemática', 3600, 5, 0, 'Equações Diferenciais', 1, 1, 4),
    (120, '2023-10-13 17:39:01', '2023-10-13 19:39:01', 'Descrição Física', 3600, 5, 0, 'Força e Movimento', 2, 1, 4),
    (121, '2023-10-14 17:39:01', '2023-10-14 19:39:01', 'Descrição Artes', 3600, 5, 0, 'Escultura Moderna', 3, 1, 4),
    (122, '2023-10-15 17:39:01', '2023-10-15 19:39:01', 'Descrição Filosofia', 3600, 5, 0, 'Metafísica', 4, 1, 4),
    (123, '2023-10-16 17:39:01', '2023-10-16 19:39:01', 'Descrição Sociologia', 3600, 5, 0, 'Teoria Sociológica', 5, 1, 4),
    (124, '2023-10-17 17:39:01', '2023-10-17 19:39:01', 'Descrição Lingua Inglesa', 3600, 5, 0, 'Gramática Avançada', 6, 1, 4),
    (125, '2023-10-18 17:39:01', '2023-10-18 19:39:01', 'Descrição Quimica', 3600, 5, 0, 'Estequiometria', 7, 1, 4),
    (126, '2023-10-19 17:39:01', '2023-10-19 19:39:01', 'Descrição Biologia', 3600, 5, 0, 'Genética Molecular', 8, 1, 4),
    (127, '2023-10-20 17:39:01', '2023-10-20 19:39:01', 'Descrição Geografia', 3600, 5, 0, 'Climatologia', 9, 1, 4),
    (128, '2023-10-21 17:39:01', '2023-10-21 19:39:01', 'Descrição Historia', 3600, 5, 0, 'Guerras Mundiais', 10, 1, 4),
    (129, '2023-10-22 17:39:01', '2023-10-22 19:39:01', 'Descrição Lingua Portuguesa', 3600, 5, 0, 'Redação Oficial', 11, 1, 4),
    (130, '2023-10-23 17:39:01', '2023-10-23 19:39:01', 'Descrição Matemática', 3600, 5, 0, 'Geometria Analítica', 1, 1, 4),
    (131, '2023-11-02 17:39:01', '2023-11-02 19:39:01', 'Descrição Física', 3600, 5, 0, 'Termodinâmica', 2, 1, 4),
    (132, '2023-11-01 17:39:01', '2023-11-01 19:39:01', 'Descrição Física', 3600, 5, 0, 'Termodinâmica', 2, 1, 4),
    (133, '2023-11-02 17:39:01', '2023-11-02 19:39:01', 'Descrição Artes', 3600, 5, 0, 'Pintura Moderna', 3, 1, 4),
    (134, '2023-11-03 17:39:01', '2023-11-03 19:39:01', 'Descrição Filosofia', 3600, 5, 0, 'Ética e Moral', 4, 1, 4),
    (135, '2023-11-04 17:39:01', '2023-11-04 19:39:01', 'Descrição Sociologia', 3600, 5, 0, 'Comportamento Social', 5, 1, 4),
    (136, '2023-11-05 17:39:01', '2023-11-05 19:39:01', 'Descrição Lingua Inglesa', 3600, 5, 0, 'Conversação Avançada', 6, 1, 4),
    (137, '2023-11-06 17:39:01', '2023-11-06 19:39:01', 'Descrição Quimica', 3600, 5, 0, 'Reações Químicas', 7, 1, 4),
    (138, '2023-11-07 17:39:01', '2023-11-07 19:39:01', 'Descrição Biologia', 3600, 5, 0, 'Biologia Celular', 8, 1, 4),
    (139, '2023-11-08 17:39:01', '2023-11-08 19:39:01', 'Descrição Geografia', 3600, 5, 0, 'Geopolítica Mundial', 9, 1, 4),
    (140, '2023-11-09 17:39:01', '2023-11-09 19:39:01', 'Descrição Historia', 3600, 5, 0, 'Idade Média', 10, 1, 4),
    (141, '2023-11-10 17:39:01', '2023-11-10 19:39:01', 'Descrição Lingua Portuguesa', 3600, 5, 0, 'Literatura Brasileira', 11, 1, 4),
    (142, '2023-11-11 17:39:01', '2023-11-11 19:39:01', 'Descrição Matemática', 3600, 5, 0, 'Geometria Analítica', 1, 1, 4),
    (143, '2023-11-12 17:39:01', '2023-11-12 19:39:01', 'Descrição Física', 3600, 5, 0, 'Termodinâmica', 2, 1, 4),
    (144, '2023-11-13 17:39:01', '2023-11-13 19:39:01', 'Descrição Artes', 3600, 5, 0, 'Pintura Moderna', 3, 1, 4),
    (145, '2023-11-14 17:39:01', '2023-11-14 19:39:01', 'Descrição Filosofia', 3600, 5, 0, 'Ética e Moral', 4, 1, 4),
    (146, '2023-11-15 17:39:01', '2023-11-15 19:39:01', 'Descrição Sociologia', 3600, 5, 0, 'Comportamento Social', 5, 1, 4),
    (147, '2023-11-16 17:39:01', '2023-11-16 19:39:01', 'Descrição Lingua Inglesa', 3600, 5, 0, 'Conversação Avançada', 6, 1, 4),
    (148, '2023-11-17 17:39:01', '2023-11-17 19:39:01', 'Descrição Quimica', 3600, 5, 0, 'Reações Químicas', 7, 1, 4),
    (149, '2023-11-18 17:39:01', '2023-11-18 19:39:01', 'Descrição Biologia', 3600, 5, 0, 'Biologia Celular', 8, 1, 4),
    (150, '2023-11-19 17:39:01', '2023-11-19 19:39:01', 'Descrição Geografia', 3600, 5, 0, 'Geopolítica Mundial', 9, 1, 4),
    (151, '2023-11-20 17:39:01', '2023-11-20 19:39:01', 'Descrição Historia', 3600, 5, 0, 'Idade Média', 10, 1, 4),
    (152, '2023-11-21 17:39:01', '2023-11-21 19:39:01', 'Descrição Lingua Portuguesa', 3600, 5, 0, 'Literatura Brasileira', 11, 1, 4),
    (153, '2023-11-22 17:39:01', '2023-11-22 19:39:01', 'Descrição Matemática', 3600, 5, 0, 'Geometria Analítica', 1, 1, 4),
    (154, '2023-11-23 17:39:01', '2023-11-23 19:39:01', 'Descrição Física', 3600, 5, 0, 'Termodinâmica', 2, 1, 4),
    (155, '2023-11-24 17:39:01', '2023-11-24 19:39:01', 'Descrição Artes', 3600, 5, 0, 'Pintura Moderna', 3, 1, 4),
    (156, '2023-11-25 17:39:01', '2023-11-25 19:39:01', 'Descrição Filosofia', 3600, 5, 0, 'Ética e Moral', 4, 1, 4),
    (157, '2023-11-26 17:39:01', '2023-11-26 19:39:01', 'Descrição Sociologia', 3600, 5, 0, 'Comportamento Social', 5, 1, 4),
    (158, '2023-11-27 17:39:01', '2023-11-27 19:39:01', 'Descrição Lingua Inglesa', 3600, 5, 0, 'Conversação Avançada', 6, 1, 4),
    (159, '2023-11-28 17:39:01', '2023-11-28 19:39:01', 'Descrição Quimica', 3600, 5, 0, 'Reações Químicas', 7, 1, 4),
    (160, '2023-11-29 17:39:01', '2023-11-29 19:39:01', 'Descrição Biologia', 3600, 5, 0, 'Biologia Celular', 8, 1, 4),
    (161, '2023-11-30 17:39:01', '2023-11-30 19:39:01', 'Descrição Geografia', 3600, 5, 0, 'Geopolítica Mundial', 9, 1, 4),
    (162, '2023-11-01 17:39:01', '2023-11-01 19:39:01', 'Descrição Historia', 3600, 5, 0, 'Idade Média', 10, 1, 4),
    (163, '2023-11-02 17:39:01', '2023-11-02 19:39:01', 'Descrição Lingua Portuguesa', 3600, 5, 0, 'Literatura Brasileira', 11, 1, 4),
    (164, '2023-11-03 17:39:01', '2023-11-03 19:39:01', 'Descrição Matemática', 3600, 5, 0, 'Geometria Analítica', 1, 1, 4),
    (165, '2023-11-04 17:39:01', '2023-11-04 19:39:01', 'Descrição Física', 3600, 5, 0, 'Termodinâmica', 2, 1, 4),
    (166, '2023-11-05 17:39:01', '2023-11-05 19:39:01', 'Descrição Artes', 3600, 5, 0, 'Pintura Moderna', 3, 1, 4),
    (167, '2023-11-06 17:39:01', '2023-11-06 19:39:01', 'Descrição Filosofia', 3600, 5, 0, 'Ética e Moral', 4, 1, 4),
    (168, '2023-11-07 17:39:01', '2023-11-07 19:39:01', 'Descrição Sociologia', 3600, 5, 0, 'Comportamento Social', 5, 1, 4),
    (169, '2023-11-08 17:39:01', '2023-11-08 19:39:01', 'Descrição Lingua Inglesa', 3600, 5, 0, 'Conversação Avançada', 6, 1, 4),
    (170, '2023-11-09 17:39:01', '2023-11-09 19:39:01', 'Descrição Quimica', 3600, 5, 0, 'Reações Químicas', 7, 1, 4),
    (171, '2023-11-10 17:39:01', '2023-11-10 19:39:01', 'Descrição Biologia', 3600, 5, 0, 'Biologia Celular', 8, 1, 4),
    (172, '2023-11-11 17:39:01', '2023-11-11 19:39:01', 'Descrição Geografia', 3600, 5, 0, 'Geopolítica Mundial', 9, 1, 4),
    (173, '2023-11-12 17:39:01', '2023-11-12 19:39:01', 'Descrição Historia', 3600, 5, 0, 'Idade Média', 10, 1, 4),
    (174, '2023-11-13 17:39:01', '2023-11-13 19:39:01', 'Descrição Lingua Portuguesa', 3600, 5, 0, 'Literatura Brasileira', 11, 1, 4),
    (175, '2023-11-14 17:39:01', '2023-11-14 19:39:01', 'Descrição Matemática', 3600, 5, 0, 'Geometria Analítica', 1, 1, 4),
    (176, '2023-11-15 17:39:01', '2023-11-15 19:39:01', 'Descrição Física', 3600, 5, 0, 'Termodinâmica', 2, 1, 4),
    (177, '2023-11-16 17:39:01', '2023-11-16 19:39:01', 'Descrição Artes', 3600, 5, 0, 'Pintura Moderna', 3, 1, 4),
    (178, '2023-11-17 17:39:01', '2023-11-17 19:39:01', 'Descrição Filosofia', 3600, 5, 0, 'Ética e Moral', 4, 1, 4),
    (179, '2023-11-18 17:39:01', '2023-11-18 19:39:01', 'Descrição Sociologia', 3600, 5, 0, 'Comportamento Social', 5, 1, 4),
    (180, '2023-11-19 17:39:01', '2023-11-19 19:39:01', 'Descrição Lingua Inglesa', 3600, 5, 0, 'Conversação Avançada', 6, 1, 4),
    (181, '2023-11-20 17:39:01', '2023-11-20 19:39:01', 'Descrição Quimica', 3600, 5, 0, 'Reações Químicas', 7, 1, 4),
    (182, '2023-11-21 17:39:01', '2023-11-21 19:39:01', 'Descrição Biologia', 3600, 5, 0, 'Biologia Celular', 8, 1, 4),
    (183, '2023-11-22 17:39:01', '2023-11-22 19:39:01', 'Descrição Geografia', 3600, 5, 0, 'Geopolítica Mundial', 9, 1, 4),
    (184, '2023-11-23 17:39:01', '2023-11-23 19:39:01', 'Descrição Historia', 3600, 5, 0, 'Idade Média', 10, 1, 4),
    (185, '2023-11-24 17:39:01', '2023-11-24 19:39:01', 'Descrição Lingua Portuguesa', 3600, 5, 0, 'Literatura Brasileira', 11, 1, 4),
    (186, '2023-11-25 17:39:01', '2023-11-25 19:39:01', 'Descrição Matemática', 3600, 5, 0, 'Geometria Analítica', 1, 1, 4),
    (187, '2023-11-26 17:39:01', '2023-11-26 19:39:01', 'Descrição Física', 3600, 5, 0, 'Termodinâmica', 2, 1, 4),
    (188, '2023-11-27 17:39:01', '2023-11-27 19:39:01', 'Descrição Artes', 3600, 5, 0, 'Pintura Moderna', 3, 1, 4),
    (189, '2023-11-28 17:39:01', '2023-11-28 19:39:01', 'Descrição Filosofia', 3600, 5, 0, 'Ética e Moral', 4, 1, 4),
    (190, '2023-11-29 17:39:01', '2023-11-29 19:39:01', 'Descrição Sociologia', 3600, 5, 0, 'Comportamento Social', 5, 1, 4),
    (191, '2023-11-30 17:39:01', '2023-11-30 19:39:01', 'Descrição Lingua Inglesa', 3600, 5, 0, 'Conversação Avançada', 6, 1, 4),
    (192, '2023-11-01 17:39:01', '2023-11-01 19:39:01', 'Descrição Quimica', 3600, 5, 0, 'Reações Químicas', 7, 1, 4),
    (193, '2023-11-02 17:39:01', '2023-11-02 19:39:01', 'Descrição Biologia', 3600, 5, 0, 'Biologia Celular', 8, 1, 4),
    (194, '2023-11-03 17:39:01', '2023-11-03 19:39:01', 'Descrição Geografia', 3600, 5, 0, 'Geopolítica Mundial', 9, 1, 4),
    (195, '2023-11-04 17:39:01', '2023-11-04 19:39:01', 'Descrição Historia', 3600, 5, 0, 'Idade Média', 10, 1, 4),
    (196, '2023-11-05 17:39:01', '2023-11-05 19:39:01', 'Descrição Lingua Portuguesa', 3600, 5, 0, 'Literatura Brasileira', 11, 1, 4),
    (197, '2023-11-06 17:39:01', '2023-11-06 19:39:01', 'Descrição Matemática', 3600, 5, 0, 'Geometria Analítica', 1, 1, 4),
    (198, '2023-11-07 17:39:01', '2023-11-07 19:39:01', 'Descrição Física', 3600, 5, 0, 'Termodinâmica', 2, 1, 4),
    (199, '2023-11-08 17:39:01', '2023-11-08 19:39:01', 'Descrição Artes', 3600, 5, 0, 'Pintura Moderna', 3, 1, 4),
    (200, '2023-11-09 17:39:01', '2023-11-09 19:39:01', 'Descrição Filosofia', 3600, 5, 0, 'Ética e Moral', 4, 1, 4),
    (201, '2023-11-10 17:39:01', '2023-11-10 19:39:01', 'Descrição Sociologia', 3600, 5, 0, 'Comportamento Social', 5, 1, 4),
    (202, '2023-11-11 17:39:01', '2023-11-11 19:39:01', 'Descrição Lingua Inglesa', 3600, 5, 0, 'Conversação Avançada', 6, 1, 4),
    (203, '2023-11-12 17:39:01', '2023-11-12 19:39:01', 'Descrição Quimica', 3600, 5, 0, 'Reações Químicas', 7, 1, 4),
    (204, '2023-11-13 17:39:01', '2023-11-13 19:39:01', 'Descrição Biologia', 3600, 5, 0, 'Biologia Celular', 8, 1, 4),
    (205, '2023-11-14 17:39:01', '2023-11-14 19:39:01', 'Descrição Geografia', 3600, 5, 0, 'Geopolítica Mundial', 9, 1, 4),
    (206, '2023-11-15 17:39:01', '2023-11-15 19:39:01', 'Descrição Historia', 3600, 5, 0, 'Idade Média', 10, 1, 4),
    (207, '2023-11-16 17:39:01', '2023-11-16 19:39:01', 'Descrição Lingua Portuguesa', 3600, 5, 0, 'Literatura Brasileira', 11, 1, 4),
    (208, '2023-11-17 17:39:01', '2023-11-17 19:39:01', 'Descrição Matemática', 3600, 5, 0, 'Geometria Analítica', 1, 1, 4),
    (209, '2023-11-18 17:39:01', '2023-11-18 19:39:01', 'Descrição Física', 3600, 5, 0, 'Termodinâmica', 2, 1, 4),
    (210, '2023-11-19 17:39:01', '2023-11-19 19:39:01', 'Descrição Artes', 3600, 5, 0, 'Pintura Moderna', 3, 1, 4),
    (211, '2023-11-20 17:39:01', '2023-11-20 19:39:01', 'Descrição Filosofia', 3600, 5, 0, 'Ética e Moral', 4, 1, 4),
    (212, '2023-11-21 17:39:01', '2023-11-21 19:39:01', 'Descrição Sociologia', 3600, 5, 0, 'Comportamento Social', 5, 1, 4),
    (213, '2023-11-22 17:39:01', '2023-11-22 19:39:01', 'Descrição Lingua Inglesa', 3600, 5, 0, 'Conversação Avançada', 6, 1, 4),
    (214, '2023-11-23 17:39:01', '2023-11-23 19:39:01', 'Descrição Quimica', 3600, 5, 0, 'Reações Químicas', 7, 1, 4),
    (215, '2023-11-24 17:39:01', '2023-11-24 19:39:01', 'Descrição Biologia', 3600, 5, 0, 'Biologia Celular', 8, 1, 4),
    (216, '2023-11-25 17:39:01', '2023-11-25 19:39:01', 'Descrição Geografia', 3600, 5, 0, 'Geopolítica Mundial', 9, 1, 4),
    (217, '2023-11-26 17:39:01', '2023-11-26 19:39:01', 'Descrição Historia', 3600, 5, 0, 'Idade Média', 10, 1, 4),
    (218, '2023-12-01 17:39:01', '2023-12-01 19:39:01', 'Descrição Lingua Portuguesa', 3600, 5, 0, 'Literatura Brasileira', 11, 1, 4),
    (219, '2023-12-02 17:39:01', '2023-12-02 19:39:01', 'Descrição Matemática', 3600, 5, 0, 'Geometria Analítica', 1, 1, 4),
    (220, '2023-12-03 17:39:01', '2023-12-03 19:39:01', 'Descrição Física', 3600, 5, 0, 'Termodinâmica', 2, 1, 4),
    (221, '2023-12-04 17:39:01', '2023-12-04 19:39:01', 'Descrição Artes', 3600, 5, 0, 'Pintura Moderna', 3, 1, 4),
    (222, '2023-12-05 17:39:01', '2023-12-05 19:39:01', 'Descrição Filosofia', 3600, 5, 0, 'Ética e Moral', 4, 1, 4),
    (223, '2023-12-06 17:39:01', '2023-12-06 19:39:01', 'Descrição Sociologia', 3600, 5, 0, 'Comportamento Social', 5, 1, 4),
    (224, '2023-12-07 17:39:01', '2023-12-07 19:39:01', 'Descrição Lingua Inglesa', 3600, 5, 0, 'Conversação Avançada', 6, 1, 4),
    (225, '2023-12-08 17:39:01', '2023-12-08 19:39:01', 'Descrição Quimica', 3600, 5, 0, 'Reações Químicas', 7, 1, 4),
    (226, '2023-12-09 17:39:01', '2023-12-09 19:39:01', 'Descrição Biologia', 3600, 5, 0, 'Biologia Celular', 8, 1, 4),
    (227, '2023-12-10 17:39:01', '2023-12-10 19:39:01', 'Descrição Geografia', 3600, 5, 0, 'Geopolítica Mundial', 9, 1, 4),
    (228, '2023-12-11 17:39:01', '2023-12-11 19:39:01', 'Descrição Historia', 3600, 5, 0, 'Idade Média', 10, 1, 4),
    (229, '2023-12-12 17:39:01', '2023-12-12 19:39:01', 'Descrição Lingua Portuguesa', 3600, 5, 0, 'Literatura Brasileira', 11, 1, 4),
    (230, '2023-12-13 17:39:01', '2023-12-13 19:39:01', 'Descrição Matemática', 3600, 5, 0, 'Geometria Analítica', 1, 1, 4),
    (231, '2023-12-14 17:39:01', '2023-12-14 19:39:01', 'Descrição Física', 3600, 5, 0, 'Termodinâmica', 2, 1, 4),
    (232, '2023-12-15 17:39:01', '2023-12-15 19:39:01', 'Descrição Artes', 3600, 5, 0, 'Pintura Moderna', 3, 1, 4),
    (233, '2023-12-16 17:39:01', '2023-12-16 19:39:01', 'Descrição Filosofia', 3600, 5, 0, 'Ética e Moral', 4, 1, 4),
    (234, '2023-12-17 17:39:01', '2023-12-17 19:39:01', 'Descrição Sociologia', 3600, 5, 0, 'Comportamento Social', 5, 1, 4),
    (235, '2023-12-18 17:39:01', '2023-12-18 19:39:01', 'Descrição Lingua Inglesa', 3600, 5, 0, 'Conversação Avançada', 6, 1, 4),
    (236, '2023-12-19 17:39:01', '2023-12-19 19:39:01', 'Descrição Quimica', 3600, 5, 0, 'Reações Químicas', 7, 1, 4),
    (237, '2023-12-20 17:39:01', '2023-12-20 19:39:01', 'Descrição Biologia', 3600, 5, 0, 'Biologia Celular', 8, 1, 4),
    (238, '2023-12-21 17:39:01', '2023-12-21 19:39:01', 'Descrição Geografia', 3600, 5, 0, 'Geopolítica Mundial', 9, 1, 4),
    (239, '2023-12-22 17:39:01', '2023-12-22 19:39:01', 'Descrição Historia', 3600, 5, 0, 'Idade Média', 10, 1, 4),
    (240, '2023-12-23 17:39:01', '2023-12-23 19:39:01', 'Descrição Lingua Portuguesa', 3600, 5, 0, 'Literatura Brasileira', 11, 1, 4),
    (241, '2023-12-24 17:39:01', '2023-12-24 19:39:01', 'Descrição Matemática', 3600, 5, 0, 'Geometria Analítica', 1, 1, 4),
    (242, '2023-12-25 17:39:01', '2023-12-25 19:39:01', 'Descrição Física', 3600, 5, 0, 'Termodinâmica', 2, 1, 4),
    (243, '2023-12-26 17:39:01', '2023-12-26 19:39:01', 'Descrição Artes', 3600, 5, 0, 'Pintura Moderna', 3, 1, 4),
    (244, '2023-12-27 17:39:01', '2023-12-27 19:39:01', 'Descrição Filosofia', 3600, 5, 0, 'Ética e Moral', 4, 1, 4),
    (245, '2023-12-28 17:39:01', '2023-12-28 19:39:01', 'Descrição Sociologia', 3600, 5, 0, 'Comportamento Social', 5, 1, 4),
    (246, '2023-12-29 17:39:01', '2023-12-29 19:39:01', 'Descrição Lingua Inglesa', 3600, 5, 0, 'Conversação Avançada', 6, 1, 4),
    (247, '2023-12-30 17:39:01', '2023-12-30 19:39:01', 'Descrição Quimica', 3600, 5, 0, 'Reações Químicas', 7, 1, 4),
    (248, '2023-12-31 17:39:01', '2023-12-31 19:39:01', 'Descrição Biologia', 3600, 5, 0, 'Biologia Celular', 8, 1, 4),
    (249, '2023-12-01 17:39:01', '2023-12-01 19:39:01', 'Descrição Geografia', 3600, 5, 0, 'Geopolítica Mundial', 9, 1, 4),
    (250, '2023-12-02 17:39:01', '2023-12-02 19:39:01', 'Descrição Historia', 3600, 5, 0, 'Idade Média', 10, 1, 4),
    (251, '2023-12-03 17:39:01', '2023-12-03 19:39:01', 'Descrição Lingua Portuguesa', 3600, 5, 0, 'Literatura Brasileira', 11, 1, 4),
    (252, '2023-12-04 17:39:01', '2023-12-04 19:39:01', 'Descrição Matemática', 3600, 5, 0, 'Geometria Analítica', 1, 1, 4),
    (253, '2023-12-05 17:39:01', '2023-12-05 19:39:01', 'Descrição Física', 3600, 5, 0, 'Termodinâmica', 2, 1, 4),
    (254, '2023-12-06 17:39:01', '2023-12-06 19:39:01', 'Descrição Artes', 3600, 5, 0, 'Pintura Moderna', 3, 1, 4),
    (255, '2023-12-07 17:39:01', '2023-12-07 19:39:01', 'Descrição Filosofia', 3600, 5, 0, 'Ética e Moral', 4, 1, 4),
    (256, '2023-12-08 17:39:01', '2023-12-08 19:39:01', 'Descrição Sociologia', 3600, 5, 0, 'Comportamento Social', 5, 1, 4),
    (257, '2023-12-09 17:39:01', '2023-12-09 19:39:01', 'Descrição Lingua Inglesa', 3600, 5, 0, 'Conversação Avançada', 6, 1, 4),
    (258, '2023-12-10 17:39:01', '2023-12-10 19:39:01', 'Descrição Quimica', 3600, 5, 0, 'Reações Químicas', 7, 1, 4),
    (259, '2023-12-11 17:39:01', '2023-12-11 19:39:01', 'Descrição Biologia', 3600, 5, 0, 'Biologia Celular', 8, 1, 4),
    (260, '2023-12-12 17:39:01', '2023-12-12 19:39:01', 'Descrição Geografia', 3600, 5, 0, 'Geopolítica Mundial', 9, 1, 4),
    (261, '2023-12-13 17:39:01', '2023-12-13 19:39:01', 'Descrição Historia', 3600, 5, 0, 'Idade Média', 10, 1, 4),
    (262, '2023-12-14 17:39:01', '2023-12-14 19:39:01', 'Descrição Lingua Portuguesa', 3600, 5, 0, 'Literatura Brasileira', 11, 1, 4),
    (263, '2023-12-15 17:39:01', '2023-12-15 19:39:01', 'Descrição Matemática', 3600, 5, 0, 'Geometria Analítica', 1, 1, 4),
    (264, '2023-12-16 17:39:01', '2023-12-16 19:39:01', 'Descrição Física', 3600, 5, 0, 'Termodinâmica', 2, 1, 4),
    (265, '2023-12-17 17:39:01', '2023-12-17 19:39:01', 'Descrição Artes', 3600, 5, 0, 'Pintura Moderna', 3, 1, 4),
    (266, '2023-12-18 17:39:01', '2023-12-18 19:39:01', 'Descrição Filosofia', 3600, 5, 0, 'Ética e Moral', 4, 1, 4),
    (267, '2023-12-19 17:39:01', '2023-12-19 19:39:01', 'Descrição Sociologia', 3600, 5, 0, 'Comportamento Social', 5, 1, 4),
    (268, '2023-12-20 17:39:01', '2023-12-20 19:39:01', 'Descrição Lingua Inglesa', 3600, 5, 0, 'Conversação Avançada', 6, 1, 4),
    (269, '2023-12-21 17:39:01', '2023-12-21 19:39:01', 'Descrição Quimica', 3600, 5, 0, 'Reações Químicas', 7, 1, 4),
    (270, '2023-12-22 17:39:01', '2023-12-22 19:39:01', 'Descrição Biologia', 3600, 5, 0, 'Biologia Celular', 8, 1, 4),
    (271, '2023-12-23 17:39:01', '2023-12-23 19:39:01', 'Descrição Geografia', 3600, 5, 0, 'Geopolítica Mundial', 9, 1, 4),
    (272, '2023-12-24 17:39:01', '2023-12-24 19:39:01', 'Descrição Historia', 3600, 5, 0, 'Idade Média', 10, 1, 4),
    (273, '2023-12-25 17:39:01', '2023-12-25 19:39:01', 'Descrição Lingua Portuguesa', 3600, 5, 0, 'Literatura Brasileira', 11, 1, 4),
    (274, '2023-12-26 17:39:01', '2023-12-26 19:39:01', 'Descrição Matemática', 3600, 5, 0, 'Geometria Analítica', 1, 1, 4),
    (275, '2023-12-27 17:39:01', '2023-12-27 19:39:01', 'Descrição Física', 3600, 5, 0, 'Termodinâmica', 2, 1, 4),
    (276, '2023-12-28 17:39:01', '2023-12-28 19:39:01', 'Descrição Artes', 3600, 5, 0, 'Pintura Moderna', 3, 1, 4),
    (277, '2023-12-29 17:39:01', '2023-12-29 19:39:01', 'Descrição Filosofia', 3600, 5, 0, 'Ética e Moral', 4, 1, 4),
    (278, '2023-12-30 17:39:01', '2023-12-30 19:39:01', 'Descrição Sociologia', 3600, 5, 0, 'Comportamento Social', 5, 1, 4),
    (279, '2023-12-01 17:39:01', '2023-12-01 19:39:01', 'Descrição Lingua Inglesa', 3600, 5, 0, 'Conversação Avançada', 6, 1, 4),
    (280, '2023-12-02 17:39:01', '2023-12-02 19:39:01', 'Descrição Quimica', 3600, 5, 0, 'Reações Químicas', 7, 1, 4),
    (281, '2023-12-03 17:39:01', '2023-12-03 19:39:01', 'Descrição Biologia', 3600, 5, 0, 'Biologia Celular', 8, 1, 4),
    (282, '2023-12-04 17:39:01', '2023-12-04 19:39:01', 'Descrição Geografia', 3600, 5, 0, 'Geopolítica Mundial', 9, 1, 4),
    (283, '2023-12-05 17:39:01', '2023-12-05 19:39:01', 'Descrição Historia', 3600, 5, 0, 'Idade Média', 10, 1, 4),
    (284, '2023-12-06 17:39:01', '2023-12-06 19:39:01', 'Descrição Lingua Portuguesa', 3600, 5, 0, 'Literatura Brasileira', 11, 1, 4),
    (285, '2023-12-07 17:39:01', '2023-12-07 19:39:01', 'Descrição Matemática', 3600, 5, 0, 'Geometria Analítica', 1, 1, 4),
    (286, '2023-12-08 17:39:01', '2023-12-08 19:39:01', 'Descrição Física', 3600, 5, 0, 'Termodinâmica', 2, 1, 4),
    (287, '2023-12-09 17:39:01', '2023-12-09 19:39:01', 'Descrição Artes', 3600, 5, 0, 'Pintura Moderna', 3, 1, 4),
    (288, '2023-12-10 17:39:01', '2023-12-10 19:39:01', 'Descrição Filosofia', 3600, 5, 0, 'Ética e Moral', 4, 1, 4),
    (289, '2023-12-11 17:39:01', '2023-12-11 19:39:01', 'Descrição Sociologia', 3600, 5, 0, 'Comportamento Social', 5, 1, 4),
    (290, '2023-12-12 17:39:01', '2023-12-12 19:39:01', 'Descrição Lingua Inglesa', 3600, 5, 0, 'Conversação Avançada', 6, 1, 4),
    (291, '2023-12-13 17:39:01', '2023-12-13 19:39:01', 'Descrição Quimica', 3600, 5, 0, 'Reações Químicas', 7, 1, 4),
    (292, '2023-12-14 17:39:01', '2023-12-14 19:39:01', 'Descrição Biologia', 3600, 5, 0, 'Biologia Celular', 8, 1, 4),
    (293, '2023-12-15 17:39:01', '2023-12-15 19:39:01', 'Descrição Geografia', 3600, 5, 0, 'Geopolítica Mundial', 9, 1, 4),
    (294, '2023-12-16 17:39:01', '2023-12-16 19:39:01', 'Descrição Historia', 3600, 5, 0, 'Idade Média', 10, 1, 4),
    (295, '2023-12-17 17:39:01', '2023-12-17 19:39:01', 'Descrição Lingua Portuguesa', 3600, 5, 0, 'Literatura Brasileira', 11, 1, 4),
    (296, '2023-12-18 17:39:01', '2023-12-18 19:39:01', 'Descrição Matemática', 3600, 5, 0, 'Geometria Analítica', 1, 1, 4),
    (297, '2023-12-19 17:39:01', '2023-12-19 19:39:01', 'Descrição Física', 3600, 5, 0, 'Termodinâmica', 2, 1, 4),
    (298, '2023-12-20 17:39:01', '2023-12-20 19:39:01', 'Descrição Artes', 3600, 5, 0, 'Pintura Moderna', 3, 1, 4),
    (299, '2023-12-21 17:39:01', '2023-12-21 19:39:01', 'Descrição Filosofia', 3600, 5, 0, 'Ética e Moral', 4, 1, 4),
    (300, '2023-12-22 17:39:01', '2023-12-22 19:39:01', 'Descrição Sociologia', 3600, 5, 0, 'Comportamento Social', 5, 1, 4)
ON CONFLICT (id) DO NOTHING;
SELECT setval('aula_id_seq', (SELECT MAX(id) FROM aula));

INSERT INTO formacao
(id, dt_inicio, dt_termino, instituicao, nome_curso, tipo_formacao, professor_usuario_id)
VALUES
    (1, '2000-09-16', '2004-09-10', 'USP', 'Engenharia Aplicada', 1, 1),
    (2, '1996-09-16', '1999-12-01', 'PUC-SP', 'Matemática', 0, 1);
SELECT setval('formacao_id_seq', (SELECT MAX(id) FROM formacao));

INSERT INTO aula_alunos
(aula_id, alunos_id_usuario)
VALUES
    (10,40);