INSERT INTO materia
(nome)
VALUES
    ('Matematica'),
    ('Fisica'),
    ('Artes'),
    ('Filosofia'),
    ('Sociologia'),
    ('Lingua Inglesa'),
    ('Quimica'),
    ('Biologia'),
    ('Geografia'),
    ('Historia'),
    ('Lingua Portuguesa');

INSERT INTO usuario
(id_usuario, is_professor, nome, email, senha, foto, google_email)
VALUES
    (1, true, 'Filipe Filipus', 'filipe.guiraldini@gmail.com', '$2a$10$gdKQIEYE975gYtTsWhDzc.HYSrh3GlbO6pc1xlZ79h5ZnDHpKJ9sa', 'https://i.imgur.com/r4EPYsb.jpg', 'filipe.guiraldini@gmail.com'),
    (2, true, 'Alessandra Ribeiro', 'teste1@email.com', '12345', 'https://img.freepik.com/fotos-gratis/jovem-empresaria-afro-americana-sorrindo_74855-4088.jpg?w=740&t=st=1694654957~exp=1694655557~hmac=2909dc5b886365e520fbbace1d5decf774436c4e478fbe5164c7708a85c835e6', ''),
    (3, true, 'Alessandra Moura', 'teste2@email.com', '12345', 'https://img.freepik.com/fotos-gratis/jovem-professora-de-retrato_23-2148635365.jpg?w=740&t=st=1694654813~exp=1694655413~hmac=7af75ae6784032cf5a2c482e1d4d7ffbee11374f71891f6b4e906dfdb1953bbf', ''),
    (4, true, 'Alessandro Oliveira', 'teste3@email.com', '12345', 'https://img.freepik.com/fotos-gratis/closeup-retrato-de-uma-professora-caucasiana-feliz-de-oculos_74855-9736.jpg?w=740&t=st=1694654846~exp=1694655446~hmac=b2aa97bd25a7f5a705ef448f67ed7b17b4ae198404a50b7233e438ac5ac7e0fa', ''),
    (5, true, 'Alessandro Molario', 'teste4@email.com', '12345', 'https://img.freepik.com/fotos-gratis/sorrindo-feliz-homem-de-camisa-olhando-para-o-espaco-da-copia_171337-10785.jpg?w=740&t=st=1694654858~exp=1694655458~hmac=32eae557f112c179258911c17e7857b10279633a166a5a468721c9da482db530', ''),
    (6, true, 'Alexandre Carlos', 'teste5@email.com', '12345', 'https://img.freepik.com/fotos-gratis/homem-de-negocios-serio-com-o-rosto-danificado_1098-1085.jpg?w=360&t=st=1694654867~exp=1694655467~hmac=c01dc4217725049996ae6d8178e8f6ba6217e37282c850198e7537d9609fac68', ''),
    (7, true, 'Mathilda Cruz', 'teste6@email.com', '12345', 'https://img.freepik.com/fotos-gratis/mulher-de-negocios-no-retrato-dos-vidros_1262-1461.jpg?w=740&t=st=1694654831~exp=1694655431~hmac=ef298914d6aded06e77c17b4d14bd0f001532604c60f3323bc9e7bd9200289a0', ''),
    (8, true, 'Matheus Rodrigues', 'teste7@email.com', '12345', 'https://img.freepik.com/fotos-gratis/homem-usando-oculos-redondos-e-camiseta-casual_273609-19641.jpg?w=740&t=st=1694655076~exp=1694655676~hmac=d1edee50e02f8ea4694c100ed8a3ede4ef36ab3cc6fa8ba4102986101f697357', ''),
    (9, true, 'Matheus Callegari', 'teste8@email.com', '12345', 'https://img.freepik.com/fotos-gratis/gerente-de-negocios-maduros-no-escritorio_1098-21368.jpg?w=360&t=st=1694654913~exp=1694655513~hmac=121c852a37ef487d8c9334b99d73270e2f0fa1e48a0067d983a5ec5cf9a345d9', ''),
    (10, true, 'Carlos Roberto', 'teste9@email.com', '12345', 'https://img.freepik.com/fotos-gratis/cara-de-mundoface-japones-em-um-fundo-branco_53876-31202.jpg?w=740&t=st=1694655100~exp=1694655700~hmac=164f83dcf4e045f1396b4f63dff4ce50112b17d71a7eb16aa86f74b221b79553', ''),
    (11, true, 'Julio Magalhães', 'teste11@email.com', '12345', 'https://img.freepik.com/fotos-gratis/retrato-de-homem-barbudo-segurando-documentos_23-2148513888.jpg?w=740&t=st=1700508165~exp=1700508765~hmac=4ae2c1cab10af1808c1ccbeb0eabdee346bc86ff1c7ab804f3fda55f9e71928e', ''),
    (12, true, 'Ursula Bezerra', 'teste12@email.com', '12345', 'https://img.freepik.com/fotos-gratis/professor-com-oculos-na-aula_23-2148665899.jpg?w=740&t=st=1700508202~exp=1700508802~hmac=ce1841be80b2f44f70ffd232eaeaef4b64adfe517b1e50f5d47dec5c7793cd8a', ''),
    (13, true, 'Rafaela Galhardo', 'teste13@email.com', '12345', 'https://img.freepik.com/fotos-gratis/elegante-mulher-sentada-a-mesa-com-cocktail-e-telefone_1157-32308.jpg?w=360&t=st=1700508230~exp=1700508830~hmac=34a372523039ffa951aa7273f92003556de081300d2d7d2172e49391f76bf3a5', ''),
    (14, true, 'Ribamar Astolfo', 'teste14@email.com', '12345', 'https://img.freepik.com/fotos-gratis/sorridente-homem-afro-americano-posando-na-biblioteca_74855-1619.jpg?w=996&t=st=1700508261~exp=1700508861~hmac=941f118a7b0293df9a276ddabcef076b8a8f8d8bb3630afdbd9ca1350bc32c94', ''),
    (15, true, 'Fatima Bonner', 'teste15@email.com', '12345', 'https://img.freepik.com/fotos-gratis/mulher-de-tiro-medio-no-retrato-de-trabalho_23-2149304144.jpg?w=360&t=st=1700508282~exp=1700508882~hmac=51e438680427e790a999651257bb9ae0e91e9e734d420c3b0cd67cf12fb84aa1', ''),
    (16, true, 'Willian Bernardes', 'teste16@email.com', '12345', 'https://img.freepik.com/fotos-gratis/homem-de-negocios-bonito-posando-perto_23-2148336823.jpg?w=996&t=st=1700508314~exp=1700508914~hmac=cc01f9235b700667d2b02e82a5a300e62d7f40d6df00001c908f8d3047902da5', ''),
    (17, true, 'Silvia Iork', 'teste17@email.com', '12345', 'https://img.freepik.com/fotos-gratis/afro-americana-mulher-tomando-selfie_23-2148336923.jpg?w=996&t=st=1700508333~exp=1700508933~hmac=dc9960ec26ba7982d176851157c041b7ffd83ba046dcdfac6a386178b4391867', ''),
    (18, true, 'Rodolfo Springler', 'teste18@email.com', '12345', 'https://img.freepik.com/fotos-gratis/jovem-empresario-expressao-feliz_1194-1649.jpg?w=900&t=st=1700508359~exp=1700508959~hmac=1bb0c0a19c5ce86800410630087b7c82e3c53020ef8a62b2ac935e3dc16aa52d', ''),
    (19, true, 'Sasha Braum', 'teste19@email.com', '12345', 'https://img.freepik.com/fotos-gratis/empresaria-feliz-por-estar-de-volta-ao-trabalho_23-2148727621.jpg?w=740&t=st=1700508396~exp=1700508996~hmac=dc12430f55f16e4baf55eff421d007cf51a8ad2a613167ee23c23618147a208c', ''),
    (20, true, 'Michael Varga', 'teste20@email.com', '12345', 'https://img.freepik.com/fotos-gratis/homem-close-up-com-sorriso-brilhante_23-2148563438.jpg?w=996&t=st=1700508428~exp=1700509028~hmac=33b1156a587fdebc13f1e7f8101aa3e46d661b99db7549d3d2ea9613ac6de866', ''),
    (21, false, 'Enzo Ricardo', 'teste21@email.com', '12345', 'https://img.freepik.com/fotos-gratis/retrato-de-estudante-do-sexo-masculino-encantado-hipster-com-cabelos-nitidos_176532-8157.jpg?w=996&t=st=1700508845~exp=1700509445~hmac=41b965e50794d96270529ce2e875dad0dd0e3bab261a254194fafef87c739128', ''),
    (22, false, 'Valentina Mariana', 'teste22@email.com', '12345', 'https://img.freepik.com/fotos-gratis/sorrindo-africano-americano-menina-sentando-cafe_1262-3083.jpg?w=360&t=st=1700508880~exp=1700509480~hmac=9a0b32587a41049cfd95b9c6133b941224449b6ad60a6ae4a37165dfab5b0431', ''),
    (23, false, 'Ana Maria', 'teste23@email.com', '12345', 'https://img.freepik.com/fotos-gratis/smiley-mulher-segurando-a-pilha-de-livros_23-2148418604.jpg?w=740&t=st=1700508908~exp=1700509508~hmac=9b69ab30cffbeb049fcf53aa6d63223b19a14539f7316b5e4f4840f59d6d1667', ''),
    (24, false, 'Bruno Afonso', 'teste24@email.com', '12345', 'https://img.freepik.com/fotos-gratis/retrato-de-jovem-afro-latino-sorrindo-em-pe-ao-ar-livre-na-rua_58466-15613.jpg?w=996&t=st=1700508945~exp=1700509545~hmac=5ce05bb615664c38968847b126edd0d236cb4f758dc7b3dee5de3fa23a4fe771', ''),
    (25, false, 'Gina da Silva', 'teste25@email.com', '12345', 'https://img.freepik.com/fotos-gratis/feche-acima-da-mulher-bonita-sorrindo_23-2148369437.jpg?w=996&t=st=1700508975~exp=1700509575~hmac=2a2e98a552bf27fb87d0056681c5fd4d632e726d569e133277a4210636003560', ''),
    (26, false, 'Miguel Junior', 'teste26@email.com', '12345', 'https://img.freepik.com/fotos-gratis/jovem-caucasiano-sorridente-vestindo-uma-camisa-rosa-de-oculos-em-um-fundo-laranja-isolado_141793-38609.jpg?w=996&t=st=1700509003~exp=1700509603~hmac=52292ce7f2cd44c0316c45963dad4b77b706abb94cbd690da1e04cc2f0ae726c', ''),
    (27, false, 'Rodrigo Javier', 'teste27@email.com', '12345', 'https://img.freepik.com/fotos-gratis/jovem-caucasiano-sorridente-vestindo-uma-camisa-rosa-de-oculos-em-um-fundo-laranja-isolado_141793-38609.jpg?w=996&t=st=1700509003~exp=1700509603~hmac=52292ce7f2cd44c0316c45963dad4b77b706abb94cbd690da1e04cc2f0ae726c', ''),
    (28, false, 'Charles Tobias', 'teste28@email.com', '12345', 'https://img.freepik.com/fotos-gratis/jovem-moreno-vestindo-camisa-jeans_273609-22446.jpg?w=996&t=st=1700509054~exp=1700509654~hmac=cc32d1248b74ac1a3347750fdff295df07f4523ea431bd8b54d5ba4e66ac8b68', ''),
    (29, false, 'Alvaro Golias', 'teste29@email.com', '12345', 'https://img.freepik.com/fotos-premium/estudante-africano-feliz-em-pe-ao-ar-livre_171337-81045.jpg?w=360', ''),
    (30, false, 'Giovana Gaunt', 'teste30@email.com', '12345', 'https://img.freepik.com/fotos-gratis/jovem-mulher-com-penteado-de-coque-baguncado_23-2149459222.jpg?w=996&t=st=1700509111~exp=1700509711~hmac=d3a7e9177b35907dbbf1504b67524bd01ee6c42918e536aaf00b1459a742914c', '')

ON CONFLICT (id_usuario) DO NOTHING;
SELECT setval('usuario_id_usuario_seq', (SELECT MAX(id_usuario) FROM usuario));

INSERT INTO professor
(descricao, preco_hora_aula, usuario_id)
VALUES
    ('Gosto de ensinar e ajudar alunos a atingir seus objetivos', 20.00, 1),
    ('Gosto de ensinar', 15.00, 2),
    ('Gosto de ensinar', 29.00, 3),
    ('Gosto de ensinar', 38.00, 4),
    ('Gosto de ensinar', 16.00, 5),
    ('Gosto de ensinar', 25.00, 6),
    ('Gosto de ensinar', 31.00, 7),
    ('Gosto de ensinar', 12.00, 8),
    ('Gosto de ensinar', 28.00, 9),
    ('Gosto de ensinar', 37.00, 10),
    ('Gosto de ensinar', 21.00, 11),
    ('Gosto de ensinar', 32.00, 12),
    ('Gosto de ensinar', 21.00, 13),
    ('Gosto de ensinar', 23.00, 14),
    ('Gosto de ensinar', 35.00, 15),
    ('Gosto de ensinar', 39.00, 16),
    ('Gosto de ensinar', 18.00, 17),
    ('Gosto de ensinar', 11.00, 18),
    ('Gosto de ensinar', 36.00, 19),
    ('Gosto de ensinar', 15.00, 20);

INSERT INTO usuario_materia
(usuarios_id_usuario, materias_id)
VALUES
    (1, 1),
    (2, 1),
    (3, 1),
    (3, 11),
    (4, 2),
    (5, 3),
    (6, 5),
    (6, 10),
    (7, 4),
    (8, 3),
    (9, 1),
    (9, 2),
    (10, 4),
    (11, 3),
    (11, 2),
    (12, 6),
    (13, 4),
    (14, 7),
    (15, 8),
    (16, 9),
    (17, 10),
    (18, 2),
    (19, 3),
    (20, 5),
    (20, 6);

INSERT INTO disponibilidade
(dia_da_semana, horario_fim, horario_inicio, professor_usuario_id)
VALUES
    (5, '23:59:59', '00:00:00', 1),
    (1, '23:59:59', '00:00:00', 1),
    (2, '23:59:59', '00:00:00', 1),
    (5, '23:59:59', '00:00:00', 2),
    (5, '23:59:59', '00:00:00', 3),
    (5, '23:59:59', '00:00:00', 4),
    (5, '23:59:59', '00:00:00', 5),
    (5, '23:59:59', '00:00:00', 6),
    (5, '23:59:59', '00:00:00', 7),
    (5, '23:59:59', '00:00:00', 8),
    (5, '23:59:59', '00:00:00', 9),
    (5, '23:59:59', '00:00:00', 10);

INSERT INTO aula
(id, data_hora, data_hora_fim, descricao, duracao_segundos, limite_participantes, privacidade, titulo, materia_id, professor_usuario_id, status)
VALUES
    (1, '2023-09-16 17:39:01', '2023-09-16 19:39:01', 'descricao', 3600, 5, 0, 'Logaritmo', 1, 1, 4),
    (2, '2023-09-16 17:39:01', '2023-09-16 19:39:01', 'descricao', 3600, 4, 0, 'Trigonometria', 1, 2, 4),
    (3, '2023-09-16 17:39:01', '2023-09-16 19:39:01', 'descricao', 3600, 5, 0, 'Algebra', 1, 3, 0),
    (4, '2023-09-16 17:39:01', '2023-09-16 19:39:01', 'descricao', 3600, 2, 0, 'Equação 2º Grau', 1, 9, 4),
    (5, '2023-09-16 17:39:01', '2023-09-16 19:39:01', 'descricao', 3600, 4, 0, 'Karl Marx', 4, 2, 4),
    (6, '2023-09-16 17:39:01', '2023-09-16 19:39:01', 'descricao', 3600, 3, 0, 'Mais Valia', 5, 3, 0),
    (7, '2023-09-16 17:39:01', '2023-09-16 19:39:01', 'descricao', 3600, 4, 0, 'Valencia e Covalencia', 7, 4, 0),
    (8, '2023-09-16 17:39:01', '2023-09-16 19:39:01', 'descricao', 3600, 2, 0, 'Verbo To Be', 6, 5, 0),
    (9, '2023-09-16 17:39:01', '2023-09-16 19:39:01', 'descricao', 3600, 5, 0, 'Verbo To Be+', 6, 10, 0),
    (10, '2023-09-16 17:39:01', '2023-09-16 19:39:01', 'testando ', 3600, 5, 0, 'Matematicatrie', 1, 1, 2),

-- Matemática mês 9
    (11, '2023-09-16 17:39:01', '2023-09-16 19:39:01', 'descricao', 3600, 5, 0, 'Logaritmo', 1, 1, 0),
    (12, '2023-09-16 17:39:01', '2023-09-16 19:39:01', 'descricao', 3600, 4, 0, 'Trigonometria', 1, 2, 2),
    (13, '2023-09-16 17:39:01', '2023-09-16 19:39:01', 'descricao', 3600, 5, 0, 'Algebra', 1, 3, 0),

-- Matemática mês 10
    (14, '2023-10-16 17:39:01', '2023-10-16 19:39:01', 'descricao', 3600, 5, 0, 'Logaritmo', 1, 1, 2),
    (15, '2023-10-16 17:39:01', '2023-10-16 19:39:01', 'descricao', 3600, 4, 0, 'Trigonometria', 1, 2, 0),
    (16, '2023-10-16 17:39:01', '2023-10-16 19:39:01', 'descricao', 3600, 5, 0, 'Algebra', 1, 3, 2),
    (17, '2023-10-16 17:39:01', '2023-10-16 19:39:01', 'descricao', 3600, 2, 0, 'Equação 2º Grau', 1, 9, 0),

-- Matemática mês 11
    (18, '2023-11-16 17:39:01', '2023-11-16 19:39:01', 'descricao', 3600, 5, 0, 'Logaritmo', 1, 1, 2),
    (19, '2023-11-16 17:39:01', '2023-11-16 19:39:01', 'descricao', 3600, 4, 0, 'Trigonometria', 1, 2, 0),
    (20, '2023-11-16 17:39:01', '2023-11-16 19:39:01', 'descricao', 3600, 5, 0, 'Algebra', 1, 3, 2),
    (21, '2023-11-16 17:39:01', '2023-11-16 19:39:01', 'descricao', 3600, 2, 0, 'Equação 2º Grau', 1, 9, 0),
    (22, '2023-11-16 17:39:01', '2023-11-16 19:39:01', 'descricao', 3600, 2, 0, 'Equação 2º Grau', 1, 9, 2),

-- Lingua Portuguesa mês 9
    (23, '2023-09-16 17:39:01', '2023-09-16 19:39:01', 'descricao', 3600, 5, 0, 'Logaritmo', 11, 1, 0),
    (24, '2023-09-16 17:39:01', '2023-09-16 19:39:01', 'descricao', 3600, 4, 0, 'Trigonometria', 11, 2, 2),
    (25, '2023-09-16 17:39:01', '2023-09-16 19:39:01', 'descricao', 3600, 5, 0, 'Algebra', 11, 3, 0),
    (26, '2023-09-16 17:39:01', '2023-09-16 19:39:01', 'descricao', 3600, 2, 0, 'Equação 2º Grau', 11, 9, 2),

-- Lingua Portuguesa mês 10
    (27, '2023-10-16 17:39:01', '2023-10-16 19:39:01', 'descricao', 3600, 5, 0, 'Logaritmo', 11, 1, 0),
    (28, '2023-10-16 17:39:01', '2023-10-16 19:39:01', 'descricao', 3600, 4, 0, 'Trigonometria', 11, 2, 2),
    (29, '2023-10-16 17:39:01', '2023-10-16 19:39:01', 'descricao', 3600, 5, 0, 'Algebra', 11, 3, 0),
    (30, '2023-10-16 17:39:01', '2023-10-16 19:39:01', 'descricao', 3600, 2, 0, 'Equação 2º Grau', 11, 9, 2),
    (31, '2023-10-16 17:39:01', '2023-10-16 19:39:01', 'descricao', 3600, 2, 0, 'Equação 2º Grau', 11, 9, 0),

-- Lingua Portuguesa mês 11
    (32, '2023-11-16 17:39:01', '2023-11-16 19:39:01', 'descricao', 3600, 5, 0, 'Logaritmo', 11, 1, 4),
    (33, '2023-11-16 17:39:01', '2023-11-16 22:39:01', 'descricao', 3600, 4, 0, 'Trigonometria', 11, 2, 4),
    (34, '2023-11-16 17:39:01', '2023-11-16 19:39:01', 'descricao', 3600, 5, 0, 'Algebra', 11, 3, 2),

-- Biologia mês 9
    (35, '2023-09-16 17:39:01', '2023-09-16 19:39:01', 'descricao', 3600, 5, 0, 'Logaritmo', 8, 1, 0),
    (36, '2023-09-16 17:39:01', '2023-09-16 19:39:01', 'descricao', 3600, 4, 0, 'Trigonometria', 8, 2, 2),
    (37, '2023-09-16 17:39:01', '2023-09-16 19:39:01', 'descricao', 3600, 5, 0, 'Algebra', 8, 3, 0),
    (38, '2023-09-16 17:39:01', '2023-09-16 19:39:01', 'descricao', 3600, 2, 0, 'Equação 2º Grau', 8, 9, 2),

-- Biologia mês 10
    (39, '2023-10-16 17:39:01', '2023-10-16 19:39:01', 'descricao', 3600, 5, 0, 'Logaritmo', 8, 1, 0),
    (40, '2023-10-16 17:39:01', '2023-10-16 19:39:01', 'descricao', 3600, 4, 0, 'Trigonometria', 8, 2, 2),
    (41, '2023-10-16 17:39:01', '2023-10-16 19:39:01', 'descricao', 3600, 5, 0, 'Algebra', 8, 3, 0),
    (42, '2023-10-16 17:39:01', '2023-10-16 19:39:01', 'descricao', 3600, 2, 0, 'Equação 2º Grau', 8, 9, 2),
    (43, '2023-10-16 17:39:01', '2023-10-16 19:39:01', 'descricao', 3600, 2, 0, 'Equação 2º Grau', 8, 9, 0),

-- Biologia mês 11
    (44, '2023-11-16 17:39:01', '2023-11-16 19:39:01', 'descricao', 3600, 5, 0, 'Logaritmo', 8, 1, 2),
    (45, '2023-11-16 17:39:01', '2023-11-16 19:39:01', 'descricao', 3600, 4, 0, 'Trigonometria', 8, 2, 0),
    (46, '2023-11-16 17:39:01', '2023-11-16 19:39:01', 'descricao', 3600, 5, 0, 'Algebra', 8, 3, 2),

-- Geografia mês 9
    (47, '2023-09-16 17:39:01', '2023-09-16 19:39:01', 'descricao', 3600, 5, 0, 'Logaritmo', 9, 1, 0),
    (48, '2023-09-16 17:39:01', '2023-09-16 19:39:01', 'descricao', 3600, 4, 0, 'Trigonometria', 9, 2, 2),
    (49, '2023-09-16 17:39:01', '2023-09-16 19:39:01', 'descricao', 3600, 5, 0, 'Algebra', 9, 2, 0),
    (50, '2023-09-16 17:39:01', '2023-09-16 19:39:01', 'descricao', 3600, 5, 0, 'Logaritmo', 9, 1, 0),
    (51, '2023-09-16 17:39:01', '2023-09-16 19:39:01', 'descricao', 3600, 4, 0, 'Trigonometria', 9, 2, 2),
    (52, '2023-09-16 17:39:01', '2023-09-16 19:39:01', 'descricao', 3600, 5, 0, 'Algebra', 9, 3, 0),
    (53, '2023-09-16 17:39:01', '2023-09-16 19:39:01', 'descricao', 3600, 2, 0, 'Equação 2º Grau', 9, 9, 2),

-- Historia mês 10
    (54, '2023-10-16 17:39:01', '2023-10-16 19:39:01', 'descricao', 3600, 5, 0, 'Logaritmo', 9, 1, 0),
    (55, '2023-10-16 17:39:01', '2023-10-16 19:39:01', 'descricao', 3600, 4, 0, 'Trigonometria', 9, 2, 2),
    (56, '2023-10-16 17:39:01', '2023-10-16 19:39:01', 'descricao', 3600, 5, 0, 'Algebra', 9, 3, 0),
    (57, '2023-10-16 17:39:01', '2023-10-16 19:39:01', 'descricao', 3600, 2, 0, 'Equação 2º Grau', 9, 9, 2),
    (58, '2023-10-16 17:39:01', '2023-10-16 19:39:01', 'descricao', 3600, 2, 0, 'Equação 2º Grau', 9, 9, 0),

-- Historia mês 11
    (59, '2023-11-16 17:39:01', '2023-11-16 19:39:01', 'descricao', 3600, 5, 0, 'Logaritmo', 9, 1, 2),
    (60, '2023-11-16 17:39:01', '2023-11-16 19:39:01', 'descricao', 3600, 4, 0, 'Trigonometria', 9, 2, 0),
    (61, '2023-11-16 17:39:01', '2023-11-16 19:39:01', 'descricao', 3600, 5, 0, 'Algebra', 9, 3, 2),

-- Aulas Hoje
    (62, '2023-11-11 17:39:01', '2023-11-11 19:39:01', 'descricao', 3600, 5, 0, 'Algebra', 9, 3, 0),
    (63, '2023-11-11 17:39:01', '2023-11-11 19:39:01', 'descricao', 3600, 4, 0, 'Trigonometria', 9, 2, 2),
    (64, '2023-11-11 17:39:01', '2023-11-11 19:39:01', 'descricao', 3600, 5, 0, 'Logaritmo', 8, 1, 0),
    (65, '2023-11-11 17:39:01', '2023-10-11 19:39:01', 'descricao', 3600, 5, 0, 'Logaritmo', 9, 1, 2),

-- Aulas Semana
    (66, '2023-11-10 17:39:01', '2023-11-10 19:39:01', 'descricao', 3600, 5, 0, 'Algebra', 9, 3, 0),
    (67, '2023-11-10 17:39:01', '2023-11-10 19:39:01', 'descricao', 3600, 4, 0, 'Trigonometria', 9, 2, 2),
    (68, '2023-11-10 17:39:01', '2023-11-10 19:39:01', 'descricao', 3600, 5, 0, 'Algebra', 9, 3, 0),
    (69, '2023-11-10 17:39:01', '2023-11-10 19:39:01', 'descricao', 3600, 5, 0, 'Logaritmo', 8, 1, 0),
    (70, '2023-11-10 17:39:01', '2023-11-10 19:39:01', 'descricao', 3600, 5, 0, 'Logaritmo', 9, 1, 2)
ON CONFLICT (id) DO NOTHING;
SELECT setval('aula_id_seq', (SELECT MAX(id) FROM aula));

INSERT INTO formacao
(id, dt_inicio, dt_termino, instituicao, nome_curso, tipo_formacao, professor_usuario_id)
VALUES
    (1, '2000-09-16', '2004-09-10', 'USP', 'Engenharia Aplicada', 1, 1),
    (2, '1996-09-16', '1999-12-01', 'PUC-SP', 'Matemática', 0, 1);
SELECT setval('formacao_id_seq', (SELECT MAX(id) FROM formacao));

INSERT INTO aula_alunos
(aula_id, alunos_id_usuario)
VALUES
    (10,30),
    (10,27),
    (10,29),
    (10,26),
    (10,27),
    (11,22),
    (12,21),
    (12,22),
    (13,24),
    (13,26),
    (13,26),
    (13,28),
    (14,25),
    (14,26),
    (15,23),
    (15,21),
    (15,27),
    (15,22),
    (16,24),
    (16,23),
    (16,26),
    (17,29),
    (18,21),
    (19,28),
    (19,27),
    (19,26),
    (19,29),
    (19,27),
    (20,27),
    (20,21),
    (20,24),
    (21,23),
    (21,25),
    (21,25),
    (22,28),
    (23,30),
    (23,27),
    (23,24),
    (23,25),
    (24,24),
    (24,26),
    (24,26),
    (25,23),
    (25,26),
    (25,24),
    (26,24),
    (26,23),
    (26,26),
    (26,21),
    (26,28),
    (27,27),
    (27,25),
    (27,30),
    (27,21),
    (27,23),
    (28,29),
    (29,22),
    (29,21),
    (30,27),
    (30,24),
    (30,29),
    (30,27),
    (31,29),
    (31,27),
    (31,27),
    (31,30),
    (32,25),
    (32,24),
    (32,30),
    (33,21),
    (33,30),
    (33,21),
    (33,23),
    (33,26),
    (34,22),
    (35,22),
    (35,26),
    (35,27),
    (35,26),
    (35,26),
    (36,23),
    (36,29),
    (36,27),
    (36,30),
    (36,30),
    (37,26),
    (37,30);